technology,window_number,window_start_date,window_end_date,days_since_launch,video_count,mean_sentiment,median_sentiment,sentiment_std,proportion_positive,proportion_negative,mean_views,mean_hyperbole,mean_complexity,dominant_topic,topic_diversity,mean_duration,mean_subscriber_count,dominant_category,category_diversity,prop_sci_tech,mean_like_ratio,mean_comment_ratio,sentiment_slope
ChatGPT,4,2022-07-13,2022-07-27,-140,1,0.6,0.6,,1.0,0.0,10521.0,0.8,0.8,Technical Tutorial,0.16666666666666666,507.0,342000.0,Gaming,0.03125,0.0,0.061305959509552324,0.00665335994677312,
ChatGPT,5,2022-07-27,2022-08-10,-126,1,0.9,0.9,,1.0,0.0,1992.0,0.6,0.0,Practical Application,0.16666666666666666,278.0,795.0,Education,0.03125,0.0,0.03765060240963856,0.0035140562248995983,
ChatGPT,7,2022-08-24,2022-09-07,-98,2,0.8500000000000001,0.8500000000000001,0.0707106781186547,1.0,0.0,34378.5,0.7,0.6,Practical Application,0.16666666666666666,650.0,455500.0,Gaming,0.0625,0.5,0.04765743249044688,0.009053845763660182,
ChatGPT,8,2022-09-07,2022-09-21,-84,1,0.9,0.9,,1.0,0.0,87618.0,0.5,0.6,Technical Tutorial,0.16666666666666666,1342.0,38500.0,Education,0.03125,0.0,0.019037184140245154,0.0006391380766509164,0.06785714285714288
ChatGPT,9,2022-09-21,2022-10-05,-70,4,-0.024999999999999994,-0.05000000000000002,0.7135591542869216,0.5,0.5,3216.5,0.725,0.45,Critical/Evaluative,0.5,1469.0,1294.0,People & Blogs,0.0625,0.5,0.022704538897913518,0.004304737006579611,0.055000000000000014
ChatGPT,10,2022-10-05,2022-10-19,-56,1,0.2,0.2,,1.0,0.0,13856.0,0.3,0.6,Technical Tutorial,0.16666666666666666,362.0,1100.0,Science & Technology,0.03125,1.0,0.02121824480369515,0.0021651270207852192,-0.08488372093023255
ChatGPT,12,2022-11-02,2022-11-16,-28,4,0.07500000000000001,0.05,0.09574271077563382,0.5,0.0,166467.5,0.15000000000000002,0.3,Practical Application,0.3333333333333333,1042.5,147525.0,Science & Technology,0.0625,0.75,0.015210290211174808,0.0014754522819472131,-0.17635135135135135
ChatGPT,13,2022-11-16,2022-11-30,-14,2,0.4,0.4,0.5656854249492381,0.5,0.0,36667.5,0.25,0.35,Practical Application,0.16666666666666666,493.5,7485.5,Science & Technology,0.03125,1.0,0.024852784948478996,0.004699371229096933,-0.17398648648648646
ChatGPT,14,2022-11-30,2022-12-14,0,8,0.4625,0.4,0.3159452936370925,1.0,0.0,1272106.25,0.5,0.425,Practical Application,0.8333333333333334,760.25,1053000.0,Science & Technology,0.1875,0.375,0.02001311573390208,0.0012628024867586585,-0.06075581395348837
ChatGPT,15,2022-12-14,2022-12-28,14,15,0.5666666666666667,0.7,0.2609506430251478,0.9333333333333333,0.0,1331422.7333333334,0.5399999999999999,0.44666666666666666,Practical Application,0.5,1306.6666666666667,2091771.3333333333,Science & Technology,0.15625,0.4,0.03098485186058791,0.0011661034704317235,0.08401162790697675
ChatGPT,16,2022-12-28,2023-01-11,28,13,0.4153846153846154,0.6,0.3436232283721854,0.9230769230769231,0.07692307692307693,1678720.4615384615,0.6,0.3538461538461538,Practical Application,0.6666666666666666,968.9230769230769,7298000.0,Education,0.1875,0.07692307692307693,0.029781265291025896,0.0011298412324960924,0.08524774774774775
ChatGPT,17,2023-01-11,2023-01-25,42,15,0.5066666666666666,0.7,0.3195234546871921,0.9333333333333333,0.0,1772709.4,0.5266666666666667,0.47333333333333333,Practical Application,0.6666666666666666,1612.6666666666667,2746066.6666666665,Education,0.125,0.3333333333333333,0.0201022422222722,0.0009552458047978213,0.08474358974358975
ChatGPT,18,2023-01-25,2023-02-08,56,15,0.32,0.2,0.43293021542573273,0.8666666666666667,0.13333333333333333,1332666.0,0.5133333333333333,0.39333333333333337,Practical Application,0.8333333333333334,952.6666666666666,3177720.0,Education,0.21875,0.26666666666666666,0.03676346312565497,0.0015902125684855402,0.016621794871794854
ChatGPT,19,2023-02-08,2023-02-22,70,12,0.25,0.2,0.412310562561766,0.75,0.25,2218816.9166666665,0.6,0.35000000000000003,Enthusiast/Reaction,0.5,1800.4166666666667,3209379.1666666665,Education,0.15625,0.16666666666666666,0.03459304745233289,0.0019419634187475578,-0.03450000000000001
ChatGPT,20,2023-02-22,2023-03-08,84,15,0.3733333333333333,0.2,0.33480626949810555,0.8,0.0,1166273.6,0.44666666666666666,0.4266666666666667,Practical Application,0.8333333333333334,1005.6,1031000.0,Education,0.1875,0.2,0.02344808271647105,0.0012920621945500558,-0.07287179487179488
ChatGPT,21,2023-03-08,2023-03-22,98,4,0.35,0.44999999999999996,0.43588989435406733,0.75,0.25,1565986.25,0.5,0.275,Enthusiast/Reaction,0.3333333333333333,712.75,1670000.0,Education,0.0625,0.0,0.02865797285233085,0.0014624643464931377,-0.03407692307692308
ChatGPT,22,2023-03-22,2023-04-05,112,14,0.41428571428571426,0.5,0.354871900738937,0.7857142857142857,0.07142857142857142,1713001.357142857,0.5642857142857143,0.39999999999999997,Practical Application,0.8333333333333334,1105.142857142857,1222021.4285714286,People & Blogs,0.25,0.21428571428571427,0.0234833204581742,0.0012194756492439375,-0.025999999999999995
ChatGPT,23,2023-04-05,2023-04-19,126,14,0.5357142857142857,0.7,0.2762583597263281,0.9285714285714286,0.0,227035.2857142857,0.4714285714285714,0.42857142857142855,Practical Application,0.5,764.5,698412.8571428572,Education,0.15625,0.2857142857142857,0.02729145314635718,0.0014746166254320883,0.02885714285714285
ChatGPT,24,2023-04-19,2023-05-03,140,9,0.5333333333333333,0.6,0.21794494717703367,1.0,0.0,1289642.888888889,0.41111111111111115,0.47777777777777775,Practical Application,0.5,2839.6666666666665,6648311.111111111,Education,0.15625,0.2222222222222222,0.029089938606603638,0.0008789464378273402,0.06123809523809524
ChatGPT,25,2023-05-03,2023-05-17,154,15,0.26666666666666666,0.2,0.3518657752744984,0.8,0.2,2093759.8,0.5266666666666667,0.44,Enthusiast/Reaction,0.8333333333333334,2887.0666666666666,3408638.0,Gaming,0.1875,0.13333333333333333,0.022565007439846747,0.0014730508051880441,0.05057142857142858
ChatGPT,26,2023-05-17,2023-05-31,168,3,0.5333333333333333,0.7,0.28867513459481287,1.0,0.0,2077128.6666666667,0.3,0.26666666666666666,Practical Application,0.3333333333333333,587.6666666666666,1165000.0,Howto & Style,0.0625,0.3333333333333333,0.027756942515505926,0.0004502914020557183,-0.004761904761904756
ChatGPT,27,2023-05-31,2023-06-14,182,14,0.4714285714285714,0.6499999999999999,0.4046433784658582,0.8571428571428571,0.07142857142857142,1943425.0,0.4714285714285714,0.33571428571428574,Practical Application,0.8333333333333334,842.2142857142857,4866546.428571428,Education,0.1875,0.07142857142857142,0.02427990152807492,0.0007249816959926766,-0.00309523809523809
ChatGPT,28,2023-06-14,2023-06-28,196,13,0.3076923076923077,0.6,0.5345738777467814,0.6923076923076923,0.23076923076923078,1540927.3076923077,0.47692307692307695,0.3538461538461538,Practical Application,1.0,949.4615384615385,3280433.846153846,Education,0.1875,0.23076923076923078,0.029817201630401614,0.0012638979826751723,-0.012857142857142857
ChatGPT,29,2023-06-28,2023-07-12,210,15,0.42666666666666664,0.7,0.4682286783592984,0.8,0.13333333333333333,456064.13333333336,0.4266666666666667,0.42,Practical Application,0.8333333333333334,953.8,792905.3333333334,Education,0.1875,0.3333333333333333,0.025513350296095246,0.0016217231219765383,-0.02465201465201465
ChatGPT,30,2023-07-12,2023-07-26,224,15,0.30666666666666664,0.2,0.4992375138529708,0.8666666666666667,0.13333333333333333,433346.13333333336,0.42,0.4,Practical Application,0.6666666666666666,837.4,1223920.0,Education,0.1875,0.3333333333333333,0.027564792704003988,0.0011243111057988265,0.009435897435897435
ChatGPT,31,2023-07-26,2023-08-09,238,15,0.3,0.2,0.43752550946038726,0.7333333333333333,0.13333333333333333,1008915.9333333333,0.49333333333333335,0.42,Practical Application,0.8333333333333334,1246.0,2373366.6666666665,Entertainment,0.25,0.13333333333333333,0.03086770271218563,0.0014557981204662038,-0.04980952380952382
ChatGPT,32,2023-08-09,2023-08-23,252,15,0.3733333333333333,0.3,0.3283436063174123,0.9333333333333333,0.06666666666666667,417369.5333333333,0.38,0.3466666666666667,Practical Application,0.6666666666666666,811.2666666666667,1630248.0,Education,0.25,0.06666666666666667,0.026372579501365113,0.0018765994426375259,-0.0343882783882784
ChatGPT,33,2023-08-23,2023-09-06,266,15,0.4533333333333333,0.6,0.32921262488086994,0.9333333333333333,0.06666666666666667,745280.6666666666,0.48666666666666664,0.43333333333333335,Practical Application,0.6666666666666666,3116.733333333333,2557466.6666666665,Education,0.21875,0.26666666666666666,0.02811134340796607,0.0010899356256512394,0.00046153846153845215
ChatGPT,34,2023-09-06,2023-09-20,280,15,0.46,0.7,0.45481550419608924,0.8,0.13333333333333333,239549.06666666668,0.5333333333333333,0.31333333333333335,Practical Application,0.6666666666666666,1037.6666666666667,498443.4666666667,Education,0.21875,0.13333333333333333,0.026795184494060532,0.0011345578641881347,0.012
ChatGPT,35,2023-09-20,2023-10-04,294,15,0.4533333333333333,0.6,0.4015446366695678,0.9333333333333333,0.06666666666666667,1431606.4666666666,0.48666666666666664,0.3733333333333333,Practical Application,0.5,1007.8,4402026.666666667,Education,0.28125,0.06666666666666667,0.027910960599193187,0.0018258187612130937,0.04600000000000001
ChatGPT,36,2023-10-04,2023-10-18,308,6,0.5666666666666667,0.7,0.28751811537130434,1.0,0.0,1399933.5,0.4666666666666666,0.31666666666666665,Practical Application,0.3333333333333333,535.5,2861700.0,Howto & Style,0.125,0.16666666666666666,0.02318013012600961,0.0007509900754536942,0.03933333333333334
ChatGPT,37,2023-10-18,2023-11-01,322,15,0.5399999999999999,0.7,0.3418437404094784,0.9333333333333333,0.06666666666666667,340940.13333333336,0.5266666666666666,0.36666666666666664,Practical Application,0.5,930.2,863660.0,Education,0.1875,0.2,0.028831652481386316,0.001569408986125866,0.038666666666666676
ChatGPT,38,2023-11-01,2023-11-15,336,15,0.56,0.7,0.2772312083030027,1.0,0.0,108970.93333333333,0.4066666666666666,0.4066666666666666,Practical Application,0.6666666666666666,825.0,247094.26666666666,Education,0.1875,0.26666666666666666,0.018565093077619173,0.0019498807712241537,0.027999999999999987
ChatGPT,39,2023-11-15,2023-11-29,350,6,0.18333333333333335,0.2,0.5307227776030219,0.8333333333333334,0.16666666666666666,1201989.5,0.5,0.3666666666666667,Practical Application,0.6666666666666666,695.6666666666666,664036.6666666666,Education,0.125,0.0,0.02138662290141272,0.0010641545663975266,0.02866666666666667
GPT-4,3,2022-10-11,2022-10-25,-154,1,0.7,0.7,,1.0,0.0,18700.0,0.5,0.6,Practical Application,0.16666666666666666,361.0,59800.0,Education,0.03125,0.0,0.031176470588235295,0.0013903743315508022,
GPT-4,4,2022-10-25,2022-11-08,-140,1,0.2,0.2,,1.0,0.0,1615.0,0.3,0.3,Practical Application,0.16666666666666666,181.0,515.0,Science & Technology,0.03125,1.0,0.01671826625386997,0.017956656346749224,
GPT-4,5,2022-11-08 00:00:00,2022-11-22 00:00:00,-126,1,0.4,0.4,,1.0,0.0,51433.0,0.5,0.3,Enthusiast/Reaction,0.16666666666666666,434.0,41400.0,Science & Technology,0.03125,1.0,0.019734411758987422,0.0018859487099721968,
GPT-4,6,2022-11-22 00:00:00,2022-12-06 00:00:00,-112,1,0.2,0.2,,1.0,0.0,108190.0,0.6,0.4,News/Analysis,0.16666666666666666,2516.0,313000.0,Science & Technology,0.03125,1.0,0.03811812551991866,0.0032258064516129032,-0.14999999999999997
GPT-4,7,2022-12-06 00:00:00,2022-12-20 00:00:00,-98,3,0.7000000000000001,0.7,0.10000000000000006,1.0,0.0,111326.66666666667,0.7333333333333334,0.39999999999999997,Enthusiast/Reaction,0.5,441.3333333333333,142053.33333333334,Education,0.0625,0.3333333333333333,0.041774299266236326,0.003616936299964773,-0.12999999999999998
GPT-4,8,2022-12-20 00:00:00,2023-01-03 00:00:00,-84,3,0.46666666666666673,0.4,0.3055050463303894,1.0,0.0,93071.33333333333,0.6333333333333333,0.39999999999999997,Enthusiast/Reaction,0.3333333333333333,479.0,203165.66666666666,Education,0.0625,0.0,0.026039804769124163,0.003654187383091142,2.2204460492503132e-17
GPT-4,9,2023-01-03 00:00:00,2023-01-17 00:00:00,-70,2,0.39999999999999997,0.39999999999999997,0.42426406871192845,1.0,0.0,56153.5,0.6,0.44999999999999996,Enthusiast/Reaction,0.3333333333333333,1263.5,98010.0,Howto & Style,0.0625,0.5,0.010073576613500567,0.0013801274216285282,0.08333333333333336
GPT-4,10,2023-01-17 00:00:00,2023-01-31 00:00:00,-56,5,0.42000000000000004,0.7,0.521536192416212,0.8,0.2,49607.6,0.52,0.44000000000000006,Critical/Evaluative,0.5,836.2,197448.8,People & Blogs,0.09375,0.4,0.019596914892454458,0.002194441763851884,0.02666666666666666
GPT-4,11,2023-01-31 00:00:00,2023-02-14 00:00:00,-42,6,0.48333333333333334,0.55,0.2562550812504343,1.0,0.0,149087.66666666666,0.5499999999999999,0.39999999999999997,News/Analysis,0.5,1339.5,342366.6666666667,Education,0.125,0.3333333333333333,0.014224661003561278,0.001100481360823909,0.013999999999999997
GPT-4,12,2023-02-14 00:00:00,2023-02-28 00:00:00,-28,3,0.36666666666666664,0.2,0.28867513459481287,1.0,0.0,15141.666666666666,0.5666666666666667,0.43333333333333335,Enthusiast/Reaction,0.5,1937.3333333333333,2053963.3333333333,Education,0.0625,0.0,0.022424210793822025,0.0023761492317630507,-0.048000000000000015
GPT-4,13,2023-02-28 00:00:00,2023-03-14 00:00:00,-14,2,0.39999999999999997,0.39999999999999997,0.42426406871192845,1.0,0.0,6416.5,0.45,0.5,Enthusiast/Reaction,0.3333333333333333,341.0,574.5,Comedy,0.0625,0.5,0.010185755754145244,0.0017526098240548008,-0.011666666666666681
GPT-4,14,2023-03-14 00:00:00,2023-03-28 00:00:00,0,13,0.5692307692307692,0.7,0.28689317229186945,0.9230769230769231,0.07692307692307693,1454918.1538461538,0.5923076923076923,0.5230769230769231,Enthusiast/Reaction,0.8333333333333334,1522.2307692307693,2613746.153846154,Science & Technology,0.0625,0.9230769230769231,0.029274330897786454,0.002067526732017278,-0.00533333333333334
GPT-4,15,2023-03-28 00:00:00,2023-04-11 00:00:00,14,11,0.5181818181818182,0.7,0.2786330268226716,1.0,0.0,337484.36363636365,0.5454545454545454,0.4272727272727273,Practical Application,0.8333333333333334,943.0,550873.2727272727,Education,0.15625,0.18181818181818182,0.024035849696336473,0.0021271329293006836,0.021512820512820496
GPT-4,16,2023-04-11 00:00:00,2023-04-25 00:00:00,28,7,0.4857142857142857,0.6,0.40178174601214955,0.8571428571428571,0.14285714285714285,33214.71428571428,0.4857142857142857,0.5285714285714286,Practical Application,0.6666666666666666,779.0,77484.71428571429,Science & Technology,0.09375,0.7142857142857143,0.023690662846056178,0.0035840489844519443,0.02722610722610723
GPT-4,17,2023-04-25 00:00:00,2023-05-09 00:00:00,42,9,0.5111111111111111,0.6,0.2571208103423585,1.0,0.0,265572.6666666667,0.5111111111111111,0.5777777777777778,Practical Application,0.6666666666666666,1402.3333333333333,506492.22222222225,Education,0.125,0.3333333333333333,0.030336997719627518,0.0034541105919076455,0.03562770562770564
GPT-4,18,2023-05-09 00:00:00,2023-05-23 00:00:00,56,8,0.6125,0.7,0.25877458475338283,1.0,0.0,79601.5,0.5,0.525,Practical Application,0.3333333333333333,728.375,122296.75,Science & Technology,0.09375,0.5,0.024652212095410603,0.0017957299536360766,0.013870573870573872
GPT-4,19,2023-05-23 00:00:00,2023-06-06 00:00:00,70,7,0.5571428571428572,0.6,0.29358214555806383,1.0,0.0,72420.42857142857,0.5428571428571428,0.5857142857142856,Enthusiast/Reaction,0.6666666666666666,1009.1428571428571,362795.4285714286,Science & Technology,0.09375,0.5714285714285714,0.020495869065637416,0.002418732742058768,0.007946775446775457
GPT-4,20,2023-06-06 00:00:00,2023-06-20 00:00:00,84,11,0.6181818181818182,0.7,0.21362669223756578,1.0,0.0,66335.45454545454,0.5272727272727272,0.49090909090909096,Practical Application,0.6666666666666666,724.7272727272727,155635.0,Science & Technology,0.125,0.45454545454545453,0.0209118331242669,0.0031940782121072818,0.02047077922077923
GPT-4,21,2023-06-20 00:00:00,2023-07-04 00:00:00,98,5,0.5,0.7,0.37416573867739417,0.8,0.0,32295.8,0.5599999999999999,0.3,Practical Application,0.3333333333333333,8827.4,18613.0,Science & Technology,0.125,0.4,0.014780356077779624,0.0030380129527680126,0.0310966810966811
GPT-4,22,2023-07-04 00:00:00,2023-07-18 00:00:00,112,14,0.4785714285714286,0.6,0.24862257904942342,1.0,0.0,33433.357142857145,0.4642857142857143,0.5428571428571428,Enthusiast/Reaction,0.6666666666666666,783.7857142857143,127220.92857142857,Science & Technology,0.1875,0.5,0.022949953763384285,0.0033739487694607715,-0.0016540404040404023
GPT-4,23,2023-07-18 00:00:00,2023-08-01 00:00:00,126,5,0.48,0.7,0.30331501776206193,1.0,0.0,44629.8,0.5,0.5599999999999999,Enthusiast/Reaction,0.8333333333333334,673.8,133132.0,People & Blogs,0.09375,0.4,0.02271476555694955,0.0026894317422034597,-0.03250000000000001
GPT-4,24,2023-08-01 00:00:00,2023-08-15 00:00:00,140,7,0.41428571428571426,0.7,0.4059087394500207,0.7142857142857143,0.14285714285714285,6894.571428571428,0.5428571428571428,0.45714285714285713,Practical Application,0.6666666666666666,528.5714285714286,13863.142857142857,Science & Technology,0.0625,0.8571428571428571,0.02477346998065568,0.004356379168844462,-0.029389610389610396
GPT-4,25,2023-08-15 00:00:00,2023-08-29 00:00:00,154,7,0.5714285714285714,0.7,0.2563479777846623,1.0,0.0,7376.142857142857,0.42857142857142855,0.5428571428571428,Practical Application,0.5,1549.4285714285713,357395.71428571426,Science & Technology,0.09375,0.5714285714285714,0.03201061906982713,0.002316568704393706,-0.042779220779220785
GPT-4,26,2023-08-29 00:00:00,2023-09-12 00:00:00,168,10,0.67,0.7,0.21108186931983416,1.0,0.0,2496.5,0.58,0.51,Practical Application,0.6666666666666666,976.7,41044.0,Science & Technology,0.15625,0.4,0.024069649941756407,0.004199254371136754,0.007857142857142846
GPT-4,27,2023-09-12 00:00:00,2023-09-26 00:00:00,182,8,0.575,0.6499999999999999,0.276457178290909,1.0,0.0,40663.875,0.5,0.5,Practical Application,0.5,934.625,1461265.25,Education,0.125,0.25,0.03901664704705445,0.002992099715449681,0.04742857142857143
GPT-4,28,2023-09-26 00:00:00,2023-10-10 00:00:00,196,11,0.6454545454545454,0.7,0.21616492020508954,1.0,0.0,28300.18181818182,0.5181818181818182,0.3909090909090909,Enthusiast/Reaction,0.6666666666666666,529.0909090909091,171373.63636363635,Travel & Events,0.21875,0.18181818181818182,0.042104132353685444,0.0015644218204000477,0.044571428571428574
GPT-4,29,2023-10-10 00:00:00,2023-10-24 00:00:00,210,12,0.65,0.7,0.19771421064483224,1.0,0.0,28600.333333333332,0.5499999999999999,0.44166666666666665,Enthusiast/Reaction,0.6666666666666666,926.6666666666666,191775.0,Science & Technology,0.0625,0.8333333333333334,0.036523243405905306,0.0018361861416435145,0.046590909090909086
GPT-4,30,2023-10-24 00:00:00,2023-11-07 00:00:00,224,8,0.4625,0.55,0.3739270364274675,0.875,0.125,33508.5,0.5,0.5125,News/Analysis,0.8333333333333334,1972.125,542366.25,Science & Technology,0.0625,0.875,0.023213330094453394,0.0025353443148125178,0.013259740259740261
GPT-4,31,2023-11-07 00:00:00,2023-11-21 00:00:00,238,14,0.5714285714285714,0.8,0.29464077588342524,1.0,0.0,40610.642857142855,0.5071428571428571,0.5571428571428572,Practical Application,0.6666666666666666,905.6428571428571,414027.71428571426,Science & Technology,0.09375,0.8571428571428571,0.023564390383944884,0.00234262079332568,-0.033999999999999996
GPT-4,32,2023-11-21 00:00:00,2023-12-05 00:00:00,252,8,0.4875,0.55,0.2948970764763288,1.0,0.0,32670.875,0.45,0.6124999999999999,Practical Application,0.6666666666666666,1162.0,94642.5,Science & Technology,0.0625,0.875,0.017940706439967313,0.0031325356168594633,-0.01900974025974025
GPT-4,33,2023-12-05 00:00:00,2023-12-19 00:00:00,266,6,0.5666666666666667,0.7,0.2875181153713043,1.0,0.0,21651.5,0.43333333333333335,0.5499999999999999,Practical Application,0.3333333333333333,848.5,90896.66666666667,Science & Technology,0.09375,0.5,0.01679778732331902,0.002539749311468095,-0.03944805194805195
GPT-4,34,2023-12-19 00:00:00,2024-01-02 00:00:00,280,13,0.5,0.6,0.3055050463303893,1.0,0.0,5467.538461538462,0.4461538461538461,0.5384615384615384,Practical Application,0.6666666666666666,656.7692307692307,68707.61538461539,Science & Technology,0.09375,0.6153846153846154,0.019467906630755597,0.002768759455468296,-0.014166666666666678
GPT-4,35,2024-01-02 00:00:00,2024-01-16 00:00:00,294,7,0.5714285714285714,0.7,0.29840847683606286,1.0,0.0,22242.85714285714,0.5428571428571428,0.5571428571428572,Enthusiast/Reaction,0.5,585.2857142857143,5707.714285714285,Science & Technology,0.09375,0.7142857142857143,0.011806895416802191,0.001858603132282906,0.007023809523809522
GPT-4,36,2024-01-16 00:00:00,2024-01-30 00:00:00,308,9,0.48888888888888893,0.6,0.29344694769431684,1.0,0.0,4838.888888888889,0.4222222222222222,0.6,News/Analysis,0.6666666666666666,840.5555555555555,56230.22222222222,Science & Technology,0.125,0.5555555555555556,0.019607823080960204,0.0033150267736272595,0.0012500000000000011
GPT-4,37,2024-01-30 00:00:00,2024-02-13 00:00:00,322,4,0.75,0.75,0.05773502691896263,1.0,0.0,3839.25,0.5,0.6,Practical Application,0.5,581.5,100265.0,Science & Technology,0.0625,0.75,0.02159120702534848,0.0036401596779800597,0.0007539682539682625
GPT-4,38,2024-02-13 00:00:00,2024-02-27 00:00:00,336,9,0.5777777777777778,0.8,0.3666666666666667,0.8888888888888888,0.1111111111111111,121038.66666666667,0.5444444444444444,0.5888888888888889,Practical Application,0.6666666666666666,1426.3333333333333,217122.44444444444,Science & Technology,0.09375,0.6666666666666666,0.026518906776459975,0.0026666639944063347,0.03555555555555556
GPT-4,39,2024-02-27 00:00:00,2024-03-12 00:00:00,350,11,0.6363636363636364,0.8,0.25405797477240216,1.0,0.0,37725.454545454544,0.5636363636363636,0.5454545454545454,Enthusiast/Reaction,0.6666666666666666,1076.7272727272727,66597.81818181818,Science & Technology,0.09375,0.7272727272727273,0.019868976625051993,0.004834468849216703,0.03341269841269843
Gemini,1,2023-06-07,2023-06-21,-182,2,0.4,0.4,0.282842712474619,1.0,0.0,3034.5,0.6499999999999999,0.35,Enthusiast/Reaction,0.3333333333333333,427.5,3525.0,People & Blogs,0.0625,0.5,0.019167463538740197,0.0025614056823377086,
Gemini,2,2023-06-21,2023-07-05,-168,5,0.6599999999999999,0.7,0.15165750888103094,1.0,0.0,26748.0,0.6199999999999999,0.48,Enthusiast/Reaction,0.3333333333333333,513.8,83643.0,Science & Technology,0.0625,0.8,0.01871522042582695,0.0031118785358368573,
Gemini,3,2023-07-05,2023-07-19,-154,7,0.7000000000000001,0.7,0.08164965809277264,1.0,0.0,56900.28571428572,0.5857142857142856,0.5142857142857143,Enthusiast/Reaction,0.5,475.57142857142856,96310.0,Science & Technology,0.0625,0.8571428571428571,0.014884618105667305,0.0016463618149848906,
Gemini,4,2023-07-19,2023-08-02,-140,9,0.5777777777777778,0.7,0.21666666666666665,1.0,0.0,10711.444444444445,0.4888888888888888,0.4,Enthusiast/Reaction,0.3333333333333333,480.8888888888889,85888.55555555556,Science & Technology,0.0625,0.8888888888888888,0.021991033482732684,0.0022096916988499876,0.15000000000000002
Gemini,5,2023-08-02,2023-08-16,-126,4,0.65,0.7,0.17320508075688767,1.0,0.0,9077.75,0.5499999999999999,0.425,Enthusiast/Reaction,0.3333333333333333,632.5,23750.5,Education,0.0625,0.5,0.10600205927621432,0.008828918198006925,0.05733333333333336
Gemini,6,2023-08-16,2023-08-30,-112,6,0.31666666666666665,0.4,0.44007575105505037,0.8333333333333334,0.16666666666666666,28021.166666666668,0.5166666666666667,0.45,Critical/Evaluative,0.5,520.3333333333334,255057.83333333334,Science & Technology,0.0625,0.8333333333333334,0.02163010629313725,0.002848299279012999,0.041777777777777796
Gemini,7,2023-08-30,2023-09-13,-98,4,0.725,0.75,0.09574271077563384,1.0,0.0,11701.75,0.6499999999999999,0.45,Enthusiast/Reaction,0.5,578.25,29157.5,Science & Technology,0.09375,0.5,0.02680296828634694,0.003430437429832502,-0.07366666666666666
Gemini,8,2023-09-13,2023-09-27,-84,8,0.475,0.6,0.291547594742265,1.0,0.0,4298.25,0.55,0.4125,Enthusiast/Reaction,0.5,1539.5,59779.375,Science & Technology,0.09375,0.625,0.03300130334614286,0.011049366085861628,-0.021111111111111136
Gemini,9,2023-09-27,2023-10-11,-70,8,0.75,0.8,0.07559289460184548,1.0,0.0,7464.625,0.65,0.45,Enthusiast/Reaction,0.5,517.5,332274.375,Science & Technology,0.09375,0.5,0.01782111224827166,0.004053249823301731,-0.013055555555555577
Gemini,10,2023-10-11,2023-10-25,-56,6,0.7000000000000001,0.8,0.24494897427831785,1.0,0.0,3053.5,0.6333333333333333,0.43333333333333335,Enthusiast/Reaction,0.3333333333333333,479.1666666666667,102564.33333333333,Science & Technology,0.0625,0.6666666666666666,0.02338412162467795,0.0022102600851260554,0.03583333333333333
Gemini,12,2023-11-08,2023-11-22,-28,2,0.8,0.8,0.0,1.0,0.0,5287.5,0.6499999999999999,0.5,Enthusiast/Reaction,0.16666666666666666,369.0,1337.5,Science & Technology,0.03125,1.0,0.01765479163196432,0.0008635319488503801,0.07916666666666669
Gemini,13,2023-11-22,2023-12-06,-14,1,0.7,0.7,,1.0,0.0,166414.0,0.3,0.4,Practical Application,0.16666666666666666,885.0,390000.0,Science & Technology,0.03125,1.0,0.010870479647145073,0.00044467412597497805,0.03277027027027028
Gemini,14,2023-12-06,2023-12-20,0,15,0.5666666666666667,0.7,0.3086066999241838,0.9333333333333333,0.06666666666666667,2384275.2666666666,0.5866666666666666,0.4266666666666667,Enthusiast/Reaction,0.6666666666666666,667.6,3088730.6666666665,Science & Technology,0.125,0.6666666666666666,0.02060465242378175,0.0021821256904447648,0.03662790697674419
Gemini,15,2023-12-20,2024-01-03,14,15,0.6,0.7,0.2751622897751175,1.0,0.0,33426.73333333333,0.4533333333333333,0.5666666666666667,Technical Tutorial,0.5,1038.3333333333333,240520.0,Science & Technology,0.09375,0.4666666666666667,0.02151242333681773,0.0014085304046997057,-0.023837209302325593
Gemini,16,2024-01-03,2024-01-17,28,15,0.6533333333333334,0.7,0.2325838302531758,0.9333333333333333,0.0,30629.8,0.44,0.5866666666666666,Practical Application,0.6666666666666666,1410.2,193635.86666666667,Education,0.09375,0.3333333333333333,0.016280684341235384,0.001562485645938872,-0.031081081081081104
Gemini,17,2024-01-17,2024-01-31,42,5,0.6,0.7,0.291547594742265,1.0,0.0,15300.2,0.42000000000000004,0.5599999999999999,Practical Application,0.3333333333333333,1161.6,23046.0,Science & Technology,0.0625,0.6,0.015878925141790137,0.0010518316154690037,-0.039333333333333324
Gemini,18,2024-01-31 00:00:00,2024-02-14 00:00:00,56,15,0.41333333333333333,0.4,0.22949219304078006,1.0,0.0,41105.333333333336,0.38666666666666666,0.45999999999999996,Practical Application,0.8333333333333334,1049.1333333333334,412121.06666666665,Science & Technology,0.15625,0.5333333333333333,0.018539367473735673,0.0026457688509356836,-0.011333333333333319
Gemini,19,2024-02-14 00:00:00,2024-02-28 00:00:00,70,14,-0.38571428571428573,-0.8,0.521620467474113,0.35714285714285715,0.6428571428571429,200474.07142857142,0.6,0.34285714285714286,Critical/Evaluative,0.8333333333333334,1136.7857142857142,2456342.8571428573,Entertainment,0.1875,0.21428571428571427,0.04953636242622016,0.009522947722328343,-0.030666666666666665
Gemini,20,2024-02-28 00:00:00,2024-03-13 00:00:00,84,15,0.31333333333333335,0.6,0.569293630822652,0.8,0.2,72933.2,0.4666666666666667,0.4533333333333333,Practical Application,0.6666666666666666,1177.2666666666667,1465650.4666666666,Education,0.1875,0.13333333333333333,0.026381153288607573,0.003210671142231903,-0.22114285714285714
Gemini,21,2024-03-13 00:00:00,2024-03-27 00:00:00,98,15,0.42666666666666664,0.7,0.3692979181920098,0.8666666666666667,0.13333333333333333,56677.46666666667,0.3333333333333333,0.38666666666666666,Practical Application,0.8333333333333334,893.2,2070467.3333333333,Education,0.15625,0.3333333333333333,0.016483981145806938,0.0016950976613107857,-0.1665714285714286
Gemini,22,2024-03-27 00:00:00,2024-04-10 00:00:00,112,15,0.41333333333333333,0.6,0.36813558578845584,0.8666666666666667,0.13333333333333333,61512.666666666664,0.3333333333333333,0.52,Practical Application,0.6666666666666666,2044.4,739359.3333333334,Science & Technology,0.09375,0.8,0.023827432021739904,0.0035802924646703227,-0.04466666666666667
Gemini,23,2024-04-10 00:00:00,2024-04-24 00:00:00,126,9,0.5,0.7,0.4153311931459038,0.8888888888888888,0.1111111111111111,12572.555555555555,0.37777777777777777,0.5111111111111111,Practical Application,0.5,1384.111111111111,196109.11111111112,Science & Technology,0.0625,0.7777777777777778,0.014111305823528533,0.0022566976376272242,0.08123809523809525
Gemini,24,2024-04-24 00:00:00,2024-05-08 00:00:00,140,14,0.4714285714285714,0.7,0.4564555272440551,0.8571428571428571,0.14285714285714285,14812.357142857143,0.37142857142857144,0.4428571428571429,Practical Application,0.5,574.2142857142857,525174.2857142857,Science & Technology,0.09375,0.5714285714285714,0.016256762318818133,0.00387582285453732,0.18714285714285717
Gemini,25,2024-05-08 00:00:00,2024-05-22 00:00:00,154,14,0.5357142857142857,0.7,0.28177225625601326,1.0,0.0,476442.35714285716,0.4714285714285714,0.45,Practical Application,0.6666666666666666,982.4285714285714,1378635.7142857143,Science & Technology,0.15625,0.5714285714285714,0.025611267488102617,0.0018818595756050886,0.038952380952380954
Gemini,26,2024-05-22 00:00:00,2024-06-05 00:00:00,168,10,0.44000000000000006,0.6,0.429987079909256,0.9,0.1,23045.6,0.41,0.42000000000000004,Practical Application,0.5,754.3,620370.2,People & Blogs,0.125,0.3,0.029394930388898798,0.0037890155959552406,0.027619047619047623
Gemini,27,2024-06-05 00:00:00,2024-06-19 00:00:00,182,14,0.38571428571428573,0.4,0.36973408918207246,0.7857142857142857,0.07142857142857142,7972.642857142857,0.34285714285714286,0.43571428571428567,Practical Application,0.5,1311.142857142857,129902.42857142857,Science & Technology,0.125,0.5,0.020202587232037945,0.003071761173808557,0.008904761904761915
Gemini,28,2024-06-19 00:00:00,2024-07-03 00:00:00,196,15,0.5066666666666666,0.7,0.3081434421700079,0.9333333333333333,0.0,16276.133333333333,0.3466666666666667,0.5066666666666666,Practical Application,0.5,890.0,525278.9333333333,Science & Technology,0.15625,0.4666666666666667,0.017836580673762235,0.0013894034668570166,-0.025999999999999992
Gemini,29,2024-07-03 00:00:00,2024-07-17 00:00:00,210,4,0.25,0.15000000000000002,0.23804761428476165,1.0,0.0,42367.75,0.25,0.325,Practical Application,0.5,951.75,247525.0,Science & Technology,0.0625,0.75,0.013594273905605738,0.0015061533719420376,-0.00795238095238096
Gemini,30,2024-07-17 00:00:00,2024-07-31 00:00:00,224,14,0.6142857142857142,0.7,0.23487195482823225,1.0,0.0,4280.785714285715,0.39285714285714285,0.38571428571428573,Practical Application,0.5,544.3571428571429,50204.642857142855,Science & Technology,0.15625,0.42857142857142855,0.012910396193123166,0.0018991501416122873,-0.05047619047619049
Gemini,31,2024-07-31 00:00:00,2024-08-14 00:00:00,238,15,0.5800000000000001,0.8,0.3320929301953209,0.9333333333333333,0.06666666666666667,117962.33333333333,0.4666666666666667,0.39333333333333337,Practical Application,0.8333333333333334,596.0666666666667,1193525.1333333333,Science & Technology,0.09375,0.7333333333333333,0.016757043120076327,0.0031937389525714677,0.02128571428571426
Gemini,32,2024-08-14 00:00:00,2024-08-28 00:00:00,252,15,0.5733333333333334,0.7,0.2789435853528878,0.9333333333333333,0.0,94423.0,0.4,0.39333333333333337,Practical Application,0.5,491.06666666666666,844623.6,Science & Technology,0.15625,0.6,0.017458952892199908,0.0015380892473104374,0.04961904761904763
Gemini,33,2024-08-28 00:00:00,2024-09-11 00:00:00,266,14,0.41428571428571426,0.30000000000000004,0.2537628901072897,1.0,0.0,34905.28571428572,0.2928571428571428,0.40714285714285714,Practical Application,0.6666666666666666,612.6428571428571,158250.7142857143,Science & Technology,0.09375,0.7857142857142857,0.016684704896306416,0.002316239210584196,0.046333333333333365
Gemini,34,2024-09-11 00:00:00,2024-09-25 00:00:00,280,14,0.5,0.6499999999999999,0.30127932350101755,1.0,0.0,35312.42857142857,0.35000000000000003,0.5,Practical Application,0.6666666666666666,2775.4285714285716,84765.64285714286,Education,0.15625,0.2857142857142857,0.01621541576296059,0.002259716338218793,0.028761904761904766
Gemini,35,2024-09-25 00:00:00,2024-10-09 00:00:00,294,6,0.6833333333333332,0.7,0.0408248290463863,1.0,0.0,21074.666666666668,0.3833333333333333,0.45,Practical Application,0.16666666666666666,460.6666666666667,102750.0,Education,0.0625,0.0,0.013451310566365891,0.00163233969985748,-0.039428571428571424
Gemini,36,2024-10-09 00:00:00,2024-10-23 00:00:00,308,11,0.5727272727272728,0.7,0.2796101181678127,1.0,0.0,41535.0,0.41818181818181815,0.45454545454545453,Practical Application,0.5,2052.818181818182,462116.36363636365,Science & Technology,0.15625,0.36363636363636365,0.030192998888555755,0.0027648193596885025,0.013333333333333298
Gemini,37,2024-10-23 00:00:00,2024-11-06 00:00:00,322,13,0.3692307692307692,0.2,0.2750291359856727,1.0,0.0,47312.307692307695,0.34615384615384615,0.46923076923076923,Practical Application,0.6666666666666666,1152.7692307692307,1067293.8461538462,Science & Technology,0.09375,0.6923076923076923,0.019876019521791355,0.002793901811166968,0.026783549783549777
Gemini,38,2024-11-06 00:00:00,2024-11-20 00:00:00,336,10,0.41000000000000003,0.2,0.2960855732160327,1.0,0.0,20191.2,0.3,0.31,Practical Application,0.5,686.0,359483.4,Science & Technology,0.125,0.5,0.016545290654308768,0.0027938179063348133,-0.0017382617382617372
Gemini,39,2024-11-20 00:00:00,2024-12-04 00:00:00,350,14,0.2642857142857143,0.30000000000000004,0.5032313168332812,0.7857142857142857,0.21428571428571427,43758.0,0.42857142857142855,0.31428571428571433,Practical Application,0.8333333333333334,445.57142857142856,1101241.0714285714,Science & Technology,0.15625,0.5,0.014432197292767485,0.0014542499082985697,-0.0494102564102564
GitHub_Copilot,14,2021-06-29 00:00:00,2021-07-13 00:00:00,0,12,0.325,0.35,0.3671140521319325,0.9166666666666666,0.08333333333333333,156407.83333333334,0.43333333333333335,0.5083333333333333,Practical Application,0.6666666666666666,679.1666666666666,788087.25,Education,0.09375,0.4166666666666667,0.023434584228734654,0.0028092195199057386,
GitHub_Copilot,15,2021-07-13 00:00:00,2021-07-27 00:00:00,14,13,0.2692307692307692,0.2,0.27502913598567263,0.9230769230769231,0.07692307692307693,24926.153846153848,0.37692307692307697,0.5692307692307692,Practical Application,0.5,1025.076923076923,277260.76923076925,Education,0.125,0.38461538461538464,0.026415442622308313,0.0038610569939078994,
GitHub_Copilot,16,2021-07-27 00:00:00,2021-08-10 00:00:00,28,10,0.45,0.35,0.2677063067368169,1.0,0.0,32853.1,0.44000000000000006,0.53,Practical Application,0.6666666666666666,770.6,456139.0,Education,0.09375,0.3,0.032437757775102966,0.00350419595450559,
GitHub_Copilot,17,2021-08-10 00:00:00,2021-08-24 00:00:00,42,3,0.5333333333333333,0.6,0.3055050463303894,1.0,0.0,57845.0,0.5666666666666667,0.6,Critical/Evaluative,0.5,1205.6666666666667,215200.0,Science & Technology,0.03125,1.0,0.05786173455680591,0.0054908497256555755,0.0625
GitHub_Copilot,18,2021-08-24 00:00:00,2021-09-07 00:00:00,56,10,0.37,0.35,0.3945461527713414,0.8,0.1,5877.1,0.38,0.5,Practical Application,0.6666666666666666,745.6,158562.0,Education,0.0625,0.5,0.0295671456695421,0.0030725545685753837,0.08057692307692307
GitHub_Copilot,19,2021-09-07 00:00:00,2021-09-21 00:00:00,70,6,0.3666666666666667,0.4,0.3614784456460255,0.8333333333333334,0.16666666666666666,19551.333333333332,0.39999999999999997,0.5666666666666667,Practical Application,0.5,836.6666666666666,75431.66666666667,Education,0.125,0.16666666666666666,0.01951281633734839,0.0025979586539519547,0.035410256410256406
GitHub_Copilot,20,2021-09-21 00:00:00,2021-10-05 00:00:00,84,1,0.8,0.8,,1.0,0.0,2889.0,0.4,0.6,Practical Application,0.16666666666666666,969.0,38400.0,Education,0.03125,0.0,0.012807199723087574,0.0017307026652821046,0.011487179487179495
GitHub_Copilot,21,2021-10-05 00:00:00,2021-10-19 00:00:00,98,2,0.30000000000000004,0.30000000000000004,0.14142135623730953,1.0,0.0,3970.0,0.35,0.6,Practical Application,0.16666666666666666,1972.5,342000.0,Science & Technology,0.03125,1.0,0.02795067776470485,0.0008787731042878873,0.053333333333333344
GitHub_Copilot,22,2021-10-19 00:00:00,2021-11-02 00:00:00,112,12,0.5916666666666667,0.6499999999999999,0.25030284687057625,0.9166666666666666,0.0,27515.083333333332,0.4666666666666666,0.5416666666666666,Practical Application,0.3333333333333333,729.6666666666666,117016.91666666667,Science & Technology,0.125,0.5,0.023035284085960384,0.0017003844381096769,-0.0036666666666666514
GitHub_Copilot,23,2021-11-02 00:00:00,2021-11-16 00:00:00,126,13,0.5076923076923077,0.7,0.3546395786840927,0.8461538461538461,0.07692307692307693,22736.76923076923,0.46923076923076923,0.5461538461538461,Practical Application,0.8333333333333334,2013.5384615384614,273300.3846153846,Science & Technology,0.09375,0.5384615384615384,0.020987995791547438,0.001413628446132844,0.037666666666666675
GitHub_Copilot,24,2021-11-16 00:00:00,2021-11-30 00:00:00,140,5,0.33999999999999997,0.2,0.2408318915758459,1.0,0.0,5522.0,0.36,0.54,Practical Application,0.5,996.6,259992.0,Education,0.0625,0.4,0.02425434484960814,0.0035215431748352073,0.007371794871794857
GitHub_Copilot,25,2021-11-30 00:00:00,2021-12-14 00:00:00,154,9,0.3333333333333333,0.2,0.24494897427831783,0.8888888888888888,0.0,9011.888888888889,0.30000000000000004,0.5111111111111111,Practical Application,0.5,482.77777777777777,114819.88888888889,Science & Technology,0.125,0.4444444444444444,0.02285739574851057,0.002304631311947827,-0.07123076923076925
GitHub_Copilot,26,2021-12-14 00:00:00,2021-12-28 00:00:00,168,6,0.16666666666666666,0.2,0.10327955589886445,0.8333333333333334,0.0,38930.166666666664,0.25,0.5499999999999999,Practical Application,0.3333333333333333,663.6666666666666,136915.0,Science & Technology,0.09375,0.5,0.015709741763776725,0.0010326289023069827,-0.018500000000000016
GitHub_Copilot,27,2021-12-28 00:00:00,2022-01-11 00:00:00,182,2,0.2,0.2,0.0,1.0,0.0,186974.0,0.3,0.6,Practical Application,0.16666666666666666,576.5,162750.0,Education,0.0625,0.5,0.02914270700743467,0.0053381683269363945,-0.10243589743589745
GitHub_Copilot,28,2022-01-11 00:00:00,2022-01-25 00:00:00,196,2,0.3,0.3,0.4242640687119285,0.5,0.0,8784.0,0.25,0.6,Practical Application,0.3333333333333333,450.0,66515.5,Science & Technology,0.03125,1.0,0.023188276559063074,0.00409210708836177,-0.07887179487179487
GitHub_Copilot,29,2022-01-25 00:00:00,2022-02-08 00:00:00,210,3,0.46666666666666673,0.4,0.30550504633038933,1.0,0.0,1358.0,0.4333333333333333,0.3666666666666667,Practical Application,0.3333333333333333,359.3333333333333,30606.666666666668,Science & Technology,0.0625,0.6666666666666666,0.027702089754847347,0.008097344985235101,-0.02133333333333333
GitHub_Copilot,30,2022-02-08 00:00:00,2022-02-22 00:00:00,224,3,0.3666666666666667,0.2,0.2886751345948128,1.0,0.0,8508.0,0.3666666666666667,0.4666666666666666,Practical Application,0.3333333333333333,1411.0,5360.0,Education,0.09375,0.3333333333333333,0.01790139280002537,0.001036516141222693,0.040000000000000015
GitHub_Copilot,31,2022-02-22 00:00:00,2022-03-08 00:00:00,238,2,0.8,0.8,0.0,1.0,0.0,33808.5,0.5,0.4,Practical Application,0.16666666666666666,1134.5,77150.0,Science & Technology,0.03125,1.0,0.01911018307979999,0.0007355590248588927,0.06666666666666668
GitHub_Copilot,33,2022-03-22 00:00:00,2022-04-05 00:00:00,266,4,0.55,0.6000000000000001,0.30000000000000004,1.0,0.0,15917.25,0.5,0.5,Practical Application,0.5,450.25,100068.5,Education,0.0625,0.5,0.019293429479636907,0.0019341495074746637,0.12666666666666668
GitHub_Copilot,34,2022-04-05 00:00:00,2022-04-19 00:00:00,280,6,0.6666666666666666,0.75,0.23380903889000246,1.0,0.0,6429.166666666667,0.5166666666666667,0.48333333333333334,Practical Application,0.16666666666666666,814.8333333333334,44566.666666666664,Science & Technology,0.0625,0.8333333333333334,0.013575608198582723,0.0024105463082173947,0.059909909909909916
GitHub_Copilot,35,2022-04-19 00:00:00,2022-05-03 00:00:00,294,5,0.42000000000000004,0.4,0.3346640106136302,0.8,0.0,4035.6,0.26,0.5599999999999999,Practical Application,0.3333333333333333,709.8,78859.0,Education,0.125,0.2,0.01499612659544596,0.004181473821831844,0.03837209302325579
GitHub_Copilot,36,2022-05-03 00:00:00,2022-05-17 00:00:00,308,4,0.42500000000000004,0.45,0.4349329450233297,0.75,0.0,3791.5,0.375,0.6,Practical Application,0.3333333333333333,868.5,62650.0,Science & Technology,0.0625,0.75,0.013761220921822578,0.0022943843191070503,-0.00418604651162791
GitHub_Copilot,37,2022-05-17 00:00:00,2022-05-31 00:00:00,322,4,0.375,0.35,0.3201562118716424,1.0,0.0,5048.25,0.30000000000000004,0.475,Practical Application,0.3333333333333333,2107.75,344325.0,Education,0.0625,0.5,0.015531543250336746,0.0004897056178172696,-0.07484234234234236
GitHub_Copilot,38,2022-05-31 00:00:00,2022-06-14 00:00:00,336,5,0.38,0.2,0.3492849839314596,0.8,0.0,26529.6,0.36,0.42000000000000004,Practical Application,0.6666666666666666,615.2,150715.6,Science & Technology,0.0625,0.8,0.026926264201960835,0.0018279491959518513,-0.05916666666666667
GitHub_Copilot,39,2022-06-14 00:00:00,2022-06-28 00:00:00,350,14,0.34285714285714286,0.30000000000000004,0.3056249227510633,0.9285714285714286,0.07142857142857142,10571.214285714286,0.39285714285714285,0.45,Practical Application,0.8333333333333334,1198.5,35940.71428571428,Science & Technology,0.09375,0.7142857142857143,0.016160381255850044,0.0033539099396508623,-0.06183333333333333
SoraAI,1,2023-08-17,2023-08-31,-182,2,0.8,0.8,0.0,1.0,0.0,8257.5,0.4,0.0,Enthusiast/Reaction,0.3333333333333333,197.5,33730.0,Entertainment,0.0625,0.0,0.041593210536400915,0.0033284900182279226,
SoraAI,5,2023-10-12,2023-10-26,-126,1,0.4,0.4,,1.0,0.0,5953.0,0.5,0.1,Enthusiast/Reaction,0.16666666666666666,161.0,59200.0,Entertainment,0.03125,0.0,0.017806148160591298,0.0015118427683520914,
SoraAI,10,2023-12-21,2024-01-04,-56,1,0.7,0.7,,1.0,0.0,18030.0,0.6,0.3,Practical Application,0.16666666666666666,1661.0,262000.0,Science & Technology,0.03125,1.0,0.04082085413200222,0.002329450915141431,
SoraAI,14,2024-02-15,2024-02-29,0,7,0.32857142857142857,0.2,0.2927700218845599,1.0,0.0,969093.7142857143,0.5,0.35714285714285715,News/Analysis,0.3333333333333333,1202.142857142857,3384768.5714285714,Science & Technology,0.09375,0.5714285714285714,0.020858949809476692,0.002572406738979065,-0.008196721311475419
SoraAI,15,2024-02-29,2024-03-14,14,4,0.65,0.7,0.17320508075688767,1.0,0.0,157397.0,0.5,0.4,Practical Application,0.3333333333333333,570.5,1838700.0,Science & Technology,0.09375,0.5,0.014405441123699878,0.0018374223193724827,-0.023858615611192936
SoraAI,16,2024-03-14,2024-03-28,28,2,0.4,0.4,0.28284271247461895,1.0,0.0,1403.0,0.7,0.5,Enthusiast/Reaction,0.16666666666666666,457.0,667.5,People & Blogs,0.0625,0.5,0.013438103956871122,0.0007135591496287254,-0.012374245472837025
SoraAI,17,2024-03-28,2024-04-11,42,4,0.65,0.75,0.23804761428476168,1.0,0.0,23025.25,0.625,0.325,Enthusiast/Reaction,0.3333333333333333,790.5,557750.25,Science & Technology,0.0625,0.75,0.026804112701952952,0.006920271246937915,8.710801393728395e-05
SoraAI,18,2024-04-11,2024-04-25,56,1,0.7,0.7,,1.0,0.0,5892.0,0.4,0.3,Practical Application,0.16666666666666666,231.0,59000.0,Film & Animation,0.03125,0.0,0.004921928038017651,0.0008486082824168364,-0.01682974559686888
SoraAI,19,2024-04-25,2024-05-09,70,10,0.36,0.2,0.22211108331943577,1.0,0.0,4245.9,0.41,0.37,Enthusiast/Reaction,0.6666666666666666,600.0,69980.0,Science & Technology,0.125,0.7,0.016154330534359298,0.004862912979192439,0.07428571428571427
SoraAI,20,2024-05-09,2024-05-23,84,8,0.525,0.7,0.3011881234615431,1.0,0.0,24158.125,0.5625,0.3875,Enthusiast/Reaction,0.5,921.125,316513.25,People & Blogs,0.15625,0.25,0.025266197907235312,0.00316770617599232,-0.028000000000000014
SoraAI,21,2024-05-23,2024-06-06,98,1,0.8,0.8,,1.0,0.0,3286.0,0.7,0.3,Enthusiast/Reaction,0.16666666666666666,317.0,12400.0,Science & Technology,0.03125,1.0,0.02556299452221546,0.002434570906877663,-0.0040000000000000036
SoraAI,22,2024-06-06,2024-06-20,112,5,0.5399999999999999,0.6,0.25099800796022265,1.0,0.0,55833.0,0.7,0.38,Enthusiast/Reaction,0.3333333333333333,1064.0,633870.0,Science & Technology,0.125,0.4,0.0288628364575833,0.005716361693014832,0.012500000000000011
SoraAI,23,2024-06-20,2024-07-04,126,4,0.575,0.6,0.1258305739211791,1.0,0.0,12206.0,0.55,0.375,Enthusiast/Reaction,0.3333333333333333,288.75,59204.5,Science & Technology,0.09375,0.5,0.022970504884624102,0.0035453490509640474,0.012
SoraAI,24,2024-07-04,2024-07-18,140,1,0.2,0.2,,1.0,0.0,48291.0,0.6,0.4,News/Analysis,0.16666666666666666,783.0,216000.0,Science & Technology,0.03125,1.0,0.05278416268041664,0.0033132467747613425,0.044499999999999984
SoraAI,25,2024-07-18,2024-08-01,154,7,0.24285714285714285,0.2,0.26992062325273125,0.8571428571428571,0.14285714285714285,3116.4285714285716,0.4428571428571429,0.38571428571428573,Enthusiast/Reaction,0.8333333333333334,825.5714285714286,425207.14285714284,Education,0.15625,0.14285714285714285,0.014080840457608905,0.00549871447393213,-0.08750000000000002
SoraAI,26,2024-08-01,2024-08-15,168,8,0.35000000000000003,0.2,0.232992949004287,1.0,0.0,32583.625,0.475,0.3625,Practical Application,0.6666666666666666,570.0,597328.0,Science & Technology,0.09375,0.75,0.016228836390036878,0.003650541232933819,-0.14542857142857143
SoraAI,28,2024-08-29,2024-09-12,196,4,0.725,0.75,0.09574271077563384,1.0,0.0,13699.5,0.625,0.425,Enthusiast/Reaction,0.16666666666666666,875.25,139207.5,Science & Technology,0.03125,1.0,0.024373995857456504,0.003466494222151615,-0.07121428571428569
SoraAI,29,2024-09-12,2024-09-26,210,5,0.76,0.8,0.05477225575051667,1.0,0.0,2986.6,0.6599999999999999,0.44000000000000006,Enthusiast/Reaction,0.5,626.8,140496.0,People & Blogs,0.09375,0.4,0.027314076021895912,0.004734744875981282,0.051110038610038606
SoraAI,30,2024-09-26,2024-10-10,224,2,0.30000000000000004,0.30000000000000004,0.1414213562373095,1.0,0.0,19496.5,0.55,0.4,News/Analysis,0.16666666666666666,1016.5,206350.0,People & Blogs,0.0625,0.5,0.02455446004830504,0.003089749946629694,0.1265116279069767
SoraAI,31,2024-10-10,2024-10-24,238,5,0.019999999999999997,-0.2,0.30331501776206204,0.4,0.6,37528.6,0.4,0.42000000000000004,Critical/Evaluative,0.3333333333333333,490.0,1363500.0,Science & Technology,0.0625,0.8,0.014346915027255385,0.0008720214269907402,0.05131229235880398
SoraAI,32,2024-10-24,2024-11-07,252,1,0.7,0.7,,1.0,0.0,7214.0,0.6,0.4,Practical Application,0.16666666666666666,1272.0,1990.0,Science & Technology,0.03125,1.0,0.022456334904352646,0.001247574161352925,-0.06783783783783784
SoraAI,35,2024-12-05,2024-12-19,294,15,0.48000000000000004,0.7,0.31667919774704856,1.0,0.0,454101.5333333333,0.46,0.4066666666666666,Practical Application,0.6666666666666666,577.4666666666667,2191940.0,Science & Technology,0.15625,0.6,0.020163183082329696,0.0020916731682867,-0.07900000000000001
SoraAI,36,2024-12-19,2025-01-02,308,8,0.4375,0.5,0.30676887530703445,0.875,0.0,190777.625,0.4875,0.3375,Practical Application,0.6666666666666666,1914.75,606610.0,Science & Technology,0.125,0.5,0.02084317667939442,0.0013728215463326859,-0.004905660377358491
SoraAI,37,2025-01-02,2025-01-16,322,6,0.6166666666666667,0.7,0.21369760566432808,1.0,0.0,3064.0,0.5666666666666667,0.5,Practical Application,0.5,1187.0,28529.0,Science & Technology,0.0625,0.6666666666666666,0.015832509941078838,0.0019911859662630075,0.03805970149253731
